key,name
12tango,
13oclock,
1812,
2_pictures,
47min,
48minut,
49minut,
4min,
96_pages,
aav,
accent,
accomplices,
adults,
advancetime,
adventure,
agent_provocateur,
albac,
alekseev,
all,
all2,
allexit,
almamater,
amalia,
animal,
apriscatole,
argentum,
ars,
arsenal,
asa,
ascinema,
assembly,
atom,
att,
attack,
auto,
autograph_history,
autoplus,
autorsong,
azbuka,
a_team,
babe,
babnik,
babyboom,
basilashvili,
bayki_otel,
beatles,
belkovskytime,
belsredy,
belykh,
ben_gann,
beseda,
bezdurak,
bezkupur,
bezvlastie,
bez_posrednik,
big,
bigecho,
bigechonet,
blogout1,
blokadagolosa,
blues,
boiko,
bombard,
bomond,
booknews,
bookpost,
books,
book_kitchen,
bountman,
brothers,
buntman,
Business,
businessnaizn,
businessright,
business_lunch,
Cambridge,
cenapobedy,
centr_travel,
championship,
chestnybank,
chestnydom,
children,
citizen,
classicrock,
club_parina,
code,
communication,
communications,
conditional,
consumermarket,
Conversations_for_life,
cook,
Cor_hour,
court,
credit,
creditworthiness,
cryptonomic,
Cynical_art_history,
daidudja,
dalvostok,
dayaftertomorrow,
daybeat,
deffki,
deniok,
department,
details,
detour,
devil,
dialogs,
Digital_footprint,
diktariki,
diletanti,
district,
dithyramb,
diving,
dobroradio,
doehali,
doponed,
dorojny_prosvet,
dozor,
do_pobedy,
dps,
dream,
dubai,
duel,
dura_lex,
durnovo,
echodrom,
echonet,
echonomica,
echostroitelstvo,
echo_business,
echo_gosdumi,
ecology,
ecoprosvet,
editorial_board,
eilat,
epidemics,
episode,
eshenepozner,
etalinv,
etalon,
euroech,
exit,
faktor,
faraway,
farm,
figure,
firma,
firstruble,
fisk,
fm_dostoevsk,
focus,
food,
football,
free_format,
freken_yulia,
from_creator_to_restaurateur,
futureback,
galopom,
ganapolskoe_itogi,
ganapolsky,
garage,
gaz_sprava,
gigabytes,
glam,
gogo,
golubev,
gorodovoy,
gorodunderhand,
gorod_ot_uma,
gorprospekty,
gorsovet,
granit,
graniweek,
grani_sob,
gulko,
hannovermesse,
happynewyaer2015,
help,
hobbit,
Homo_Science,
house,
how_do_you_like_that_elon_musk,
hraniteli,
hrushev,
imeempravo,
interception,
interview,
investclub,
investition,
iosif_baiki,
italiano,
iznanka,
i_doxa,
jazz,
just_think,
kapital,
kazino,
keep_your_balance,
kem_byt,
keys,
kinoagent,
kinopolnoch,
klinch,
kniga,
knigivokrug,
korzina,
korzun,
kredit,
kruchkov_DP,
krug_sveta,
kulshok,
kultstolichnosti,
kurspotapenko,
kuzn,
labkovsky,
lamp_times,
life,
lightmusik,
linguafranca,
littletragic,
made_in_russia,
magazine,
magic_mountain,
magistrat,
mailmap_roadbasic,
malbiz,
malikov,
mam,
manipulyator,
maroseyka12,
medinfo,
megapolis,
mestnye,
mesto,
mestovstrechi,
mfa,
mind,
minihomo,
mnenie_spb,
monastyr,
mos,
moscowtravel,
mr_good,
museum,
musical_hour,
mvd,
my191991,
myvoice,
my_moscow,
nagel_show,
napalcah,
national,
nauka,
naukafokus,
na_samom_dele,
nedvizhimost,
netak,
nevsredy,
newindustry,
newm,
newsnews,
next75,
ngmus,
niceninety,
night,
noexit,
nomed_2,
not_your_place,
novaya_podcast,
oblozhka,
oblozhka_1,
observation,
odin,
odinvv,
odna,
okboomer,
ok_school,
oldmsk,
olevskiy,
oneword,
oni,
On_Two_Chairs,
opera,
opponent,
orders,
orekh_osin,
orjuha,
osoboe,
ostrov_sokrovish,
otcy,
otgoloski,
overtime,
ovode,
palacesquare,
paragraf,
parent,
parents,
parking,
parus,
passenger,
passion,
pastukhov,
penie,
people,
perepis,
personalnovash,
peskov,
petrushevskayafairytales,
pobeg,
poehali,
pogovorim_o_vysokom,
police,
politic,
poputchiki,
poroki,
pozner_protiv,
poznyakov_DP,
prava,
pravovoy_aspect,
priem,
probusiness,
proehali,
programm,
progulki,
progulki_2,
pspisok,
puteshestvie_sborka,
radiodetaly,
randevu,
rayonykvartaly,
razbor_poleta,
razvorot,
ready,
realestate,
realshow,
redrquare,
replika,
replikavv,
reploreh,
reportoftheweek,
rikoshet,
risk,
Road_map,
romans,
rusalmanach,
russian,
russianwindows,
russkiivpered,
samson,
scann,
Scenario,
secret_cyber,
shkala,
sho_tam,
silver,
skaner,
skates_with_a_nail,
skazki,
skrepochki,
sluhaiecho,
slyshu_voinu,
smoke,
socialenvironment,
sorokina,
sotr,
soundtrack,
speakrus,
speaktatar,
sport,
sportchanel,
sreda,
stalin,
status,
statuss,
strelok,
style,
success,
sun,
sut,
svechka,
svoi,
synergy,
tabel,
talk,
talking,
tbb,
technogolik,
tectonic,
theatre,
theirchoice,
they,
tirol,
tochka,
town,
traditions,
trainlifehack,
transform,
travin,
tretiakovka,
tritire,
tri_tolstyaka,
truerussia,
truth,
tsluchay,
tsvety,
tunis,
turizm2,
tuz,
tv,
tv_person,
uneasy,
unpast,
vahta,
vancouver,
vecher,
victory,
vinil,
vinni_puh,
vino,
vittel,
vkruge_t,
vlast,
vodnayasreda,
voensovet,
vosadu,
vottak,
vrachi_v_kurse,
vremenno,
vremya_est,
vsegrani,
vseslozhno,
vsetak,
vsetakplus,
vse_v_sad,
vybor,
vysockiy,
warday,
we,
work,
wth_focus,
year2012,
year2013,
year2014,
year2015,
year2016,
year2017,
year2018,
year2019,
year2020,
year2021,
year2022,
youpassenger,
zagorod,
zapad,
zdor,
zdormsk,
zhan_ivanych,
zhogoleva,
znamenatel,
zoloto,
zoom,
